[{"First":"school bus","Second":"hamster","Third":"balance beam, beam","Fourth":"Windsor tie","Fifth":"swab, swob, mop"},{"First":"car wheel","Second":"washer, automatic washer, washing machine","Third":"unicycle, monocycle","Fourth":"minivan","Fifth":"pickup, pickup truck"},{"First":"school bus","Second":"sleeping bag","Third":"garbage truck, dustcart","Fourth":"stretcher","Fifth":"passenger car, coach, carriage"},{"First":"freight car","Second":"sunglass","Third":"Indian elephant, Elephas maximus","Fourth":"orangutan, orang, orangutang, Pongo pygmaeus","Fifth":"cliff, drop, drop-off"},{"First":"school bus","Second":"apiary, bee house","Third":"banana","Fourth":"balance beam, beam","Fifth":"airship, dirigible"},{"First":"garbage truck, dustcart","Second":"odometer, hodometer, mileometer, milometer","Third":"Windsor tie","Fourth":"tricycle, trike, velocipede","Fifth":"hamster"},{"First":"garbage truck, dustcart","Second":"comic book","Third":"web site, website, internet site, site","Fourth":"washer, automatic washer, washing machine","Fifth":"barber chair"},{"First":"school bus","Second":"bulbul","Third":"goldfish, Carassius auratus","Fourth":"bucket, pail","Fifth":"cowboy boot"},{"First":"car wheel","Second":"greenhouse, nursery, glasshouse","Third":"bucket, pail","Fourth":"echidna, spiny anteater, anteater","Fifth":"groenendael"},{"First":"garbage truck, dustcart","Second":"sunglass","Third":"freight car","Fourth":"barbell","Fifth":"washer, automatic washer, washing machine"},{"First":"school bus","Second":"maraca","Third":"pool table, billiard table, snooker table","Fourth":"ocarina, sweet potato","Fifth":"hamster"},{"First":"car wheel","Second":"bobsled, bobsleigh, bob","Third":"parking meter","Fourth":"washer, automatic washer, washing machine","Fifth":"broom"},{"First":"car wheel","Second":"rotisserie","Third":"hamster","Fourth":"Sussex spaniel","Fifth":"analog clock"},{"First":"freight car","Second":"knot","Third":"orangutan, orang, orangutang, Pongo pygmaeus","Fourth":"bobsled, bobsleigh, bob","Fifth":"stone wall"},{"First":"school bus","Second":"rapeseed","Third":"steel drum","Fourth":"giant schnauzer","Fifth":"Bouvier des Flandres, Bouviers des Flandres"},{"First":"freight car","Second":"analog clock","Third":"knot","Fourth":"shovel","Fifth":"hog, pig, grunter, squealer, Sus scrofa"},{"First":"car wheel","Second":"nematode, nematode worm, roundworm","Third":"washer, automatic washer, washing machine","Fourth":"espresso","Fifth":"bubble"},{"First":"school bus","Second":"American Staffordshire terrier, Staffordshire terrier, American pit bull terrier, pit bull terrier","Third":"cowboy boot","Fourth":"bulbul","Fifth":"Staffordshire bullterrier, Staffordshire bull terrier"},{"First":"freight car","Second":"groenendael","Third":"Tibetan mastiff","Fourth":"academic gown, academic robe, judge's robe","Fifth":"garbage truck, dustcart"},{"First":"cab, hack, taxi, taxicab","Second":"school bus","Third":"pier","Fourth":"parallel bars, bars","Fifth":"tile roof"}]