{
  "nodes": [
    {
      "op": "null", 
      "param": {}, 
      "name": "data", 
      "inputs": [], 
      "backward_source_id": -1
    }, 
    {
      "op": "null", 
      "param": {}, 
      "name": "conv1_weight", 
      "inputs": [], 
      "backward_source_id": -1
    }, 
    {
      "op": "null", 
      "param": {}, 
      "name": "conv1_bias", 
      "inputs": [], 
      "backward_source_id": -1
    }, 
    {
      "op": "Convolution", 
      "param": {
        "cudnn_off": "False", 
        "cudnn_tune": "off", 
        "dilate": "(1,1)", 
        "kernel": "(3,3)", 
        "no_bias": "False", 
        "num_filter": "64", 
        "num_group": "1", 
        "pad": "(0,0)", 
        "stride": "(2,2)", 
        "workspace": "1024"
      }, 
      "name": "conv1", 
      "inputs": [[0, 0], [1, 0], [2, 0]], 
      "backward_source_id": -1
    }, 
    {
      "op": "Activation", 
      "param": {"act_type": "relu"}, 
      "name": "relu_conv1", 
      "inputs": [[3, 0]], 
      "backward_source_id": -1
    }, 
    {
      "op": "Pooling", 
      "param": {
        "global_pool": "False", 
        "kernel": "(3,3)", 
        "pad": "(0,0)", 
        "pool_type": "max", 
        "pooling_convention": "full", 
        "stride": "(2,2)"
      }, 
      "name": "pool1", 
      "inputs": [[4, 0]], 
      "backward_source_id": -1
    }, 
    {
      "op": "null", 
      "param": {}, 
      "name": "fire2_squeeze1x1_weight", 
      "inputs": [], 
      "backward_source_id": -1
    }, 
    {
      "op": "null", 
      "param": {}, 
      "name": "fire2_squeeze1x1_bias", 
      "inputs": [], 
      "backward_source_id": -1
    }, 
    {
      "op": "Convolution", 
      "param": {
        "cudnn_off": "False", 
        "cudnn_tune": "off", 
        "dilate": "(1,1)", 
        "kernel": "(1,1)", 
        "no_bias": "False", 
        "num_filter": "16", 
        "num_group": "1", 
        "pad": "(0,0)", 
        "stride": "(1,1)", 
        "workspace": "1024"
      }, 
      "name": "fire2_squeeze1x1", 
      "inputs": [[5, 0], [6, 0], [7, 0]], 
      "backward_source_id": -1
    }, 
    {
      "op": "Activation", 
      "param": {"act_type": "relu"}, 
      "name": "fire2_relu_squeeze1x1", 
      "inputs": [[8, 0]], 
      "backward_source_id": -1
    }, 
    {
      "op": "null", 
      "param": {}, 
      "name": "fire2_expand1x1_weight", 
      "inputs": [], 
      "backward_source_id": -1
    }, 
    {
      "op": "null", 
      "param": {}, 
      "name": "fire2_expand1x1_bias", 
      "inputs": [], 
      "backward_source_id": -1
    }, 
    {
      "op": "Convolution", 
      "param": {
        "cudnn_off": "False", 
        "cudnn_tune": "off", 
        "dilate": "(1,1)", 
        "kernel": "(1,1)", 
        "no_bias": "False", 
        "num_filter": "64", 
        "num_group": "1", 
        "pad": "(0,0)", 
        "stride": "(1,1)", 
        "workspace": "1024"
      }, 
      "name": "fire2_expand1x1", 
      "inputs": [[9, 0], [10, 0], [11, 0]], 
      "backward_source_id": -1
    }, 
    {
      "op": "Activation", 
      "param": {"act_type": "relu"}, 
      "name": "fire2_relu_expand1x1", 
      "inputs": [[12, 0]], 
      "backward_source_id": -1
    }, 
    {
      "op": "null", 
      "param": {}, 
      "name": "fire2_expand3x3_weight", 
      "inputs": [], 
      "backward_source_id": -1
    }, 
    {
      "op": "null", 
      "param": {}, 
      "name": "fire2_expand3x3_bias", 
      "inputs": [], 
      "backward_source_id": -1
    }, 
    {
      "op": "Convolution", 
      "param": {
        "cudnn_off": "False", 
        "cudnn_tune": "off", 
        "dilate": "(1,1)", 
        "kernel": "(3,3)", 
        "no_bias": "False", 
        "num_filter": "64", 
        "num_group": "1", 
        "pad": "(1,1)", 
        "stride": "(1,1)", 
        "workspace": "1024"
      }, 
      "name": "fire2_expand3x3", 
      "inputs": [[9, 0], [14, 0], [15, 0]], 
      "backward_source_id": -1
    }, 
    {
      "op": "Activation", 
      "param": {"act_type": "relu"}, 
      "name": "fire2_relu_expand3x3", 
      "inputs": [[16, 0]], 
      "backward_source_id": -1
    }, 
    {
      "op": "Concat", 
      "param": {
        "dim": "1", 
        "num_args": "2"
      }, 
      "name": "fire2_concat", 
      "inputs": [[13, 0], [17, 0]], 
      "backward_source_id": -1
    }, 
    {
      "op": "null", 
      "param": {}, 
      "name": "fire3_squeeze1x1_weight", 
      "inputs": [], 
      "backward_source_id": -1
    }, 
    {
      "op": "null", 
      "param": {}, 
      "name": "fire3_squeeze1x1_bias", 
      "inputs": [], 
      "backward_source_id": -1
    }, 
    {
      "op": "Convolution", 
      "param": {
        "cudnn_off": "False", 
        "cudnn_tune": "off", 
        "dilate": "(1,1)", 
        "kernel": "(1,1)", 
        "no_bias": "False", 
        "num_filter": "16", 
        "num_group": "1", 
        "pad": "(0,0)", 
        "stride": "(1,1)", 
        "workspace": "1024"
      }, 
      "name": "fire3_squeeze1x1", 
      "inputs": [[18, 0], [19, 0], [20, 0]], 
      "backward_source_id": -1
    }, 
    {
      "op": "Activation", 
      "param": {"act_type": "relu"}, 
      "name": "fire3_relu_squeeze1x1", 
      "inputs": [[21, 0]], 
      "backward_source_id": -1
    }, 
    {
      "op": "null", 
      "param": {}, 
      "name": "fire3_expand1x1_weight", 
      "inputs": [], 
      "backward_source_id": -1
    }, 
    {
      "op": "null", 
      "param": {}, 
      "name": "fire3_expand1x1_bias", 
      "inputs": [], 
      "backward_source_id": -1
    }, 
    {
      "op": "Convolution", 
      "param": {
        "cudnn_off": "False", 
        "cudnn_tune": "off", 
        "dilate": "(1,1)", 
        "kernel": "(1,1)", 
        "no_bias": "False", 
        "num_filter": "64", 
        "num_group": "1", 
        "pad": "(0,0)", 
        "stride": "(1,1)", 
        "workspace": "1024"
      }, 
      "name": "fire3_expand1x1", 
      "inputs": [[22, 0], [23, 0], [24, 0]], 
      "backward_source_id": -1
    }, 
    {
      "op": "Activation", 
      "param": {"act_type": "relu"}, 
      "name": "fire3_relu_expand1x1", 
      "inputs": [[25, 0]], 
      "backward_source_id": -1
    }, 
    {
      "op": "null", 
      "param": {}, 
      "name": "fire3_expand3x3_weight", 
      "inputs": [], 
      "backward_source_id": -1
    }, 
    {
      "op": "null", 
      "param": {}, 
      "name": "fire3_expand3x3_bias", 
      "inputs": [], 
      "backward_source_id": -1
    }, 
    {
      "op": "Convolution", 
      "param": {
        "cudnn_off": "False", 
        "cudnn_tune": "off", 
        "dilate": "(1,1)", 
        "kernel": "(3,3)", 
        "no_bias": "False", 
        "num_filter": "64", 
        "num_group": "1", 
        "pad": "(1,1)", 
        "stride": "(1,1)", 
        "workspace": "1024"
      }, 
      "name": "fire3_expand3x3", 
      "inputs": [[22, 0], [27, 0], [28, 0]], 
      "backward_source_id": -1
    }, 
    {
      "op": "Activation", 
      "param": {"act_type": "relu"}, 
      "name": "fire3_relu_expand3x3", 
      "inputs": [[29, 0]], 
      "backward_source_id": -1
    }, 
    {
      "op": "Concat", 
      "param": {
        "dim": "1", 
        "num_args": "2"
      }, 
      "name": "fire3_concat", 
      "inputs": [[26, 0], [30, 0]], 
      "backward_source_id": -1
    }, 
    {
      "op": "Pooling", 
      "param": {
        "global_pool": "False", 
        "kernel": "(3,3)", 
        "pad": "(0,0)", 
        "pool_type": "max", 
        "pooling_convention": "full", 
        "stride": "(2,2)"
      }, 
      "name": "pool3", 
      "inputs": [[31, 0]], 
      "backward_source_id": -1
    }, 
    {
      "op": "null", 
      "param": {}, 
      "name": "fire4_squeeze1x1_weight", 
      "inputs": [], 
      "backward_source_id": -1
    }, 
    {
      "op": "null", 
      "param": {}, 
      "name": "fire4_squeeze1x1_bias", 
      "inputs": [], 
      "backward_source_id": -1
    }, 
    {
      "op": "Convolution", 
      "param": {
        "cudnn_off": "False", 
        "cudnn_tune": "off", 
        "dilate": "(1,1)", 
        "kernel": "(1,1)", 
        "no_bias": "False", 
        "num_filter": "32", 
        "num_group": "1", 
        "pad": "(0,0)", 
        "stride": "(1,1)", 
        "workspace": "1024"
      }, 
      "name": "fire4_squeeze1x1", 
      "inputs": [[32, 0], [33, 0], [34, 0]], 
      "backward_source_id": -1
    }, 
    {
      "op": "Activation", 
      "param": {"act_type": "relu"}, 
      "name": "fire4_relu_squeeze1x1", 
      "inputs": [[35, 0]], 
      "backward_source_id": -1
    }, 
    {
      "op": "null", 
      "param": {}, 
      "name": "fire4_expand1x1_weight", 
      "inputs": [], 
      "backward_source_id": -1
    }, 
    {
      "op": "null", 
      "param": {}, 
      "name": "fire4_expand1x1_bias", 
      "inputs": [], 
      "backward_source_id": -1
    }, 
    {
      "op": "Convolution", 
      "param": {
        "cudnn_off": "False", 
        "cudnn_tune": "off", 
        "dilate": "(1,1)", 
        "kernel": "(1,1)", 
        "no_bias": "False", 
        "num_filter": "128", 
        "num_group": "1", 
        "pad": "(0,0)", 
        "stride": "(1,1)", 
        "workspace": "1024"
      }, 
      "name": "fire4_expand1x1", 
      "inputs": [[36, 0], [37, 0], [38, 0]], 
      "backward_source_id": -1
    }, 
    {
      "op": "Activation", 
      "param": {"act_type": "relu"}, 
      "name": "fire4_relu_expand1x1", 
      "inputs": [[39, 0]], 
      "backward_source_id": -1
    }, 
    {
      "op": "null", 
      "param": {}, 
      "name": "fire4_expand3x3_weight", 
      "inputs": [], 
      "backward_source_id": -1
    }, 
    {
      "op": "null", 
      "param": {}, 
      "name": "fire4_expand3x3_bias", 
      "inputs": [], 
      "backward_source_id": -1
    }, 
    {
      "op": "Convolution", 
      "param": {
        "cudnn_off": "False", 
        "cudnn_tune": "off", 
        "dilate": "(1,1)", 
        "kernel": "(3,3)", 
        "no_bias": "False", 
        "num_filter": "128", 
        "num_group": "1", 
        "pad": "(1,1)", 
        "stride": "(1,1)", 
        "workspace": "1024"
      }, 
      "name": "fire4_expand3x3", 
      "inputs": [[36, 0], [41, 0], [42, 0]], 
      "backward_source_id": -1
    }, 
    {
      "op": "Activation", 
      "param": {"act_type": "relu"}, 
      "name": "fire4_relu_expand3x3", 
      "inputs": [[43, 0]], 
      "backward_source_id": -1
    }, 
    {
      "op": "Concat", 
      "param": {
        "dim": "1", 
        "num_args": "2"
      }, 
      "name": "fire4_concat", 
      "inputs": [[40, 0], [44, 0]], 
      "backward_source_id": -1
    }, 
    {
      "op": "null", 
      "param": {}, 
      "name": "fire5_squeeze1x1_weight", 
      "inputs": [], 
      "backward_source_id": -1
    }, 
    {
      "op": "null", 
      "param": {}, 
      "name": "fire5_squeeze1x1_bias", 
      "inputs": [], 
      "backward_source_id": -1
    }, 
    {
      "op": "Convolution", 
      "param": {
        "cudnn_off": "False", 
        "cudnn_tune": "off", 
        "dilate": "(1,1)", 
        "kernel": "(1,1)", 
        "no_bias": "False", 
        "num_filter": "32", 
        "num_group": "1", 
        "pad": "(0,0)", 
        "stride": "(1,1)", 
        "workspace": "1024"
      }, 
      "name": "fire5_squeeze1x1", 
      "inputs": [[45, 0], [46, 0], [47, 0]], 
      "backward_source_id": -1
    }, 
    {
      "op": "Activation", 
      "param": {"act_type": "relu"}, 
      "name": "fire5_relu_squeeze1x1", 
      "inputs": [[48, 0]], 
      "backward_source_id": -1
    }, 
    {
      "op": "null", 
      "param": {}, 
      "name": "fire5_expand1x1_weight", 
      "inputs": [], 
      "backward_source_id": -1
    }, 
    {
      "op": "null", 
      "param": {}, 
      "name": "fire5_expand1x1_bias", 
      "inputs": [], 
      "backward_source_id": -1
    }, 
    {
      "op": "Convolution", 
      "param": {
        "cudnn_off": "False", 
        "cudnn_tune": "off", 
        "dilate": "(1,1)", 
        "kernel": "(1,1)", 
        "no_bias": "False", 
        "num_filter": "128", 
        "num_group": "1", 
        "pad": "(0,0)", 
        "stride": "(1,1)", 
        "workspace": "1024"
      }, 
      "name": "fire5_expand1x1", 
      "inputs": [[49, 0], [50, 0], [51, 0]], 
      "backward_source_id": -1
    }, 
    {
      "op": "Activation", 
      "param": {"act_type": "relu"}, 
      "name": "fire5_relu_expand1x1", 
      "inputs": [[52, 0]], 
      "backward_source_id": -1
    }, 
    {
      "op": "null", 
      "param": {}, 
      "name": "fire5_expand3x3_weight", 
      "inputs": [], 
      "backward_source_id": -1
    }, 
    {
      "op": "null", 
      "param": {}, 
      "name": "fire5_expand3x3_bias", 
      "inputs": [], 
      "backward_source_id": -1
    }, 
    {
      "op": "Convolution", 
      "param": {
        "cudnn_off": "False", 
        "cudnn_tune": "off", 
        "dilate": "(1,1)", 
        "kernel": "(3,3)", 
        "no_bias": "False", 
        "num_filter": "128", 
        "num_group": "1", 
        "pad": "(1,1)", 
        "stride": "(1,1)", 
        "workspace": "1024"
      }, 
      "name": "fire5_expand3x3", 
      "inputs": [[49, 0], [54, 0], [55, 0]], 
      "backward_source_id": -1
    }, 
    {
      "op": "Activation", 
      "param": {"act_type": "relu"}, 
      "name": "fire5_relu_expand3x3", 
      "inputs": [[56, 0]], 
      "backward_source_id": -1
    }, 
    {
      "op": "Concat", 
      "param": {
        "dim": "1", 
        "num_args": "2"
      }, 
      "name": "fire5_concat", 
      "inputs": [[53, 0], [57, 0]], 
      "backward_source_id": -1
    }, 
    {
      "op": "Pooling", 
      "param": {
        "global_pool": "False", 
        "kernel": "(3,3)", 
        "pad": "(0,0)", 
        "pool_type": "max", 
        "pooling_convention": "full", 
        "stride": "(2,2)"
      }, 
      "name": "pool5", 
      "inputs": [[58, 0]], 
      "backward_source_id": -1
    }, 
    {
      "op": "null", 
      "param": {}, 
      "name": "fire6_squeeze1x1_weight", 
      "inputs": [], 
      "backward_source_id": -1
    }, 
    {
      "op": "null", 
      "param": {}, 
      "name": "fire6_squeeze1x1_bias", 
      "inputs": [], 
      "backward_source_id": -1
    }, 
    {
      "op": "Convolution", 
      "param": {
        "cudnn_off": "False", 
        "cudnn_tune": "off", 
        "dilate": "(1,1)", 
        "kernel": "(1,1)", 
        "no_bias": "False", 
        "num_filter": "48", 
        "num_group": "1", 
        "pad": "(0,0)", 
        "stride": "(1,1)", 
        "workspace": "1024"
      }, 
      "name": "fire6_squeeze1x1", 
      "inputs": [[59, 0], [60, 0], [61, 0]], 
      "backward_source_id": -1
    }, 
    {
      "op": "Activation", 
      "param": {"act_type": "relu"}, 
      "name": "fire6_relu_squeeze1x1", 
      "inputs": [[62, 0]], 
      "backward_source_id": -1
    }, 
    {
      "op": "null", 
      "param": {}, 
      "name": "fire6_expand1x1_weight", 
      "inputs": [], 
      "backward_source_id": -1
    }, 
    {
      "op": "null", 
      "param": {}, 
      "name": "fire6_expand1x1_bias", 
      "inputs": [], 
      "backward_source_id": -1
    }, 
    {
      "op": "Convolution", 
      "param": {
        "cudnn_off": "False", 
        "cudnn_tune": "off", 
        "dilate": "(1,1)", 
        "kernel": "(1,1)", 
        "no_bias": "False", 
        "num_filter": "192", 
        "num_group": "1", 
        "pad": "(0,0)", 
        "stride": "(1,1)", 
        "workspace": "1024"
      }, 
      "name": "fire6_expand1x1", 
      "inputs": [[63, 0], [64, 0], [65, 0]], 
      "backward_source_id": -1
    }, 
    {
      "op": "Activation", 
      "param": {"act_type": "relu"}, 
      "name": "fire6_relu_expand1x1", 
      "inputs": [[66, 0]], 
      "backward_source_id": -1
    }, 
    {
      "op": "null", 
      "param": {}, 
      "name": "fire6_expand3x3_weight", 
      "inputs": [], 
      "backward_source_id": -1
    }, 
    {
      "op": "null", 
      "param": {}, 
      "name": "fire6_expand3x3_bias", 
      "inputs": [], 
      "backward_source_id": -1
    }, 
    {
      "op": "Convolution", 
      "param": {
        "cudnn_off": "False", 
        "cudnn_tune": "off", 
        "dilate": "(1,1)", 
        "kernel": "(3,3)", 
        "no_bias": "False", 
        "num_filter": "192", 
        "num_group": "1", 
        "pad": "(1,1)", 
        "stride": "(1,1)", 
        "workspace": "1024"
      }, 
      "name": "fire6_expand3x3", 
      "inputs": [[63, 0], [68, 0], [69, 0]], 
      "backward_source_id": -1
    }, 
    {
      "op": "Activation", 
      "param": {"act_type": "relu"}, 
      "name": "fire6_relu_expand3x3", 
      "inputs": [[70, 0]], 
      "backward_source_id": -1
    }, 
    {
      "op": "Concat", 
      "param": {
        "dim": "1", 
        "num_args": "2"
      }, 
      "name": "fire6_concat", 
      "inputs": [[67, 0], [71, 0]], 
      "backward_source_id": -1
    }, 
    {
      "op": "null", 
      "param": {}, 
      "name": "fire7_squeeze1x1_weight", 
      "inputs": [], 
      "backward_source_id": -1
    }, 
    {
      "op": "null", 
      "param": {}, 
      "name": "fire7_squeeze1x1_bias", 
      "inputs": [], 
      "backward_source_id": -1
    }, 
    {
      "op": "Convolution", 
      "param": {
        "cudnn_off": "False", 
        "cudnn_tune": "off", 
        "dilate": "(1,1)", 
        "kernel": "(1,1)", 
        "no_bias": "False", 
        "num_filter": "48", 
        "num_group": "1", 
        "pad": "(0,0)", 
        "stride": "(1,1)", 
        "workspace": "1024"
      }, 
      "name": "fire7_squeeze1x1", 
      "inputs": [[72, 0], [73, 0], [74, 0]], 
      "backward_source_id": -1
    }, 
    {
      "op": "Activation", 
      "param": {"act_type": "relu"}, 
      "name": "fire7_relu_squeeze1x1", 
      "inputs": [[75, 0]], 
      "backward_source_id": -1
    }, 
    {
      "op": "null", 
      "param": {}, 
      "name": "fire7_expand1x1_weight", 
      "inputs": [], 
      "backward_source_id": -1
    }, 
    {
      "op": "null", 
      "param": {}, 
      "name": "fire7_expand1x1_bias", 
      "inputs": [], 
      "backward_source_id": -1
    }, 
    {
      "op": "Convolution", 
      "param": {
        "cudnn_off": "False", 
        "cudnn_tune": "off", 
        "dilate": "(1,1)", 
        "kernel": "(1,1)", 
        "no_bias": "False", 
        "num_filter": "192", 
        "num_group": "1", 
        "pad": "(0,0)", 
        "stride": "(1,1)", 
        "workspace": "1024"
      }, 
      "name": "fire7_expand1x1", 
      "inputs": [[76, 0], [77, 0], [78, 0]], 
      "backward_source_id": -1
    }, 
    {
      "op": "Activation", 
      "param": {"act_type": "relu"}, 
      "name": "fire7_relu_expand1x1", 
      "inputs": [[79, 0]], 
      "backward_source_id": -1
    }, 
    {
      "op": "null", 
      "param": {}, 
      "name": "fire7_expand3x3_weight", 
      "inputs": [], 
      "backward_source_id": -1
    }, 
    {
      "op": "null", 
      "param": {}, 
      "name": "fire7_expand3x3_bias", 
      "inputs": [], 
      "backward_source_id": -1
    }, 
    {
      "op": "Convolution", 
      "param": {
        "cudnn_off": "False", 
        "cudnn_tune": "off", 
        "dilate": "(1,1)", 
        "kernel": "(3,3)", 
        "no_bias": "False", 
        "num_filter": "192", 
        "num_group": "1", 
        "pad": "(1,1)", 
        "stride": "(1,1)", 
        "workspace": "1024"
      }, 
      "name": "fire7_expand3x3", 
      "inputs": [[76, 0], [81, 0], [82, 0]], 
      "backward_source_id": -1
    }, 
    {
      "op": "Activation", 
      "param": {"act_type": "relu"}, 
      "name": "fire7_relu_expand3x3", 
      "inputs": [[83, 0]], 
      "backward_source_id": -1
    }, 
    {
      "op": "Concat", 
      "param": {
        "dim": "1", 
        "num_args": "2"
      }, 
      "name": "fire7_concat", 
      "inputs": [[80, 0], [84, 0]], 
      "backward_source_id": -1
    }, 
    {
      "op": "null", 
      "param": {}, 
      "name": "fire8_squeeze1x1_weight", 
      "inputs": [], 
      "backward_source_id": -1
    }, 
    {
      "op": "null", 
      "param": {}, 
      "name": "fire8_squeeze1x1_bias", 
      "inputs": [], 
      "backward_source_id": -1
    }, 
    {
      "op": "Convolution", 
      "param": {
        "cudnn_off": "False", 
        "cudnn_tune": "off", 
        "dilate": "(1,1)", 
        "kernel": "(1,1)", 
        "no_bias": "False", 
        "num_filter": "64", 
        "num_group": "1", 
        "pad": "(0,0)", 
        "stride": "(1,1)", 
        "workspace": "1024"
      }, 
      "name": "fire8_squeeze1x1", 
      "inputs": [[85, 0], [86, 0], [87, 0]], 
      "backward_source_id": -1
    }, 
    {
      "op": "Activation", 
      "param": {"act_type": "relu"}, 
      "name": "fire8_relu_squeeze1x1", 
      "inputs": [[88, 0]], 
      "backward_source_id": -1
    }, 
    {
      "op": "null", 
      "param": {}, 
      "name": "fire8_expand1x1_weight", 
      "inputs": [], 
      "backward_source_id": -1
    }, 
    {
      "op": "null", 
      "param": {}, 
      "name": "fire8_expand1x1_bias", 
      "inputs": [], 
      "backward_source_id": -1
    }, 
    {
      "op": "Convolution", 
      "param": {
        "cudnn_off": "False", 
        "cudnn_tune": "off", 
        "dilate": "(1,1)", 
        "kernel": "(1,1)", 
        "no_bias": "False", 
        "num_filter": "256", 
        "num_group": "1", 
        "pad": "(0,0)", 
        "stride": "(1,1)", 
        "workspace": "1024"
      }, 
      "name": "fire8_expand1x1", 
      "inputs": [[89, 0], [90, 0], [91, 0]], 
      "backward_source_id": -1
    }, 
    {
      "op": "Activation", 
      "param": {"act_type": "relu"}, 
      "name": "fire8_relu_expand1x1", 
      "inputs": [[92, 0]], 
      "backward_source_id": -1
    }, 
    {
      "op": "null", 
      "param": {}, 
      "name": "fire8_expand3x3_weight", 
      "inputs": [], 
      "backward_source_id": -1
    }, 
    {
      "op": "null", 
      "param": {}, 
      "name": "fire8_expand3x3_bias", 
      "inputs": [], 
      "backward_source_id": -1
    }, 
    {
      "op": "Convolution", 
      "param": {
        "cudnn_off": "False", 
        "cudnn_tune": "off", 
        "dilate": "(1,1)", 
        "kernel": "(3,3)", 
        "no_bias": "False", 
        "num_filter": "256", 
        "num_group": "1", 
        "pad": "(1,1)", 
        "stride": "(1,1)", 
        "workspace": "1024"
      }, 
      "name": "fire8_expand3x3", 
      "inputs": [[89, 0], [94, 0], [95, 0]], 
      "backward_source_id": -1
    }, 
    {
      "op": "Activation", 
      "param": {"act_type": "relu"}, 
      "name": "fire8_relu_expand3x3", 
      "inputs": [[96, 0]], 
      "backward_source_id": -1
    }, 
    {
      "op": "Concat", 
      "param": {
        "dim": "1", 
        "num_args": "2"
      }, 
      "name": "fire8_concat", 
      "inputs": [[93, 0], [97, 0]], 
      "backward_source_id": -1
    }, 
    {
      "op": "null", 
      "param": {}, 
      "name": "fire9_squeeze1x1_weight", 
      "inputs": [], 
      "backward_source_id": -1
    }, 
    {
      "op": "null", 
      "param": {}, 
      "name": "fire9_squeeze1x1_bias", 
      "inputs": [], 
      "backward_source_id": -1
    }, 
    {
      "op": "Convolution", 
      "param": {
        "cudnn_off": "False", 
        "cudnn_tune": "off", 
        "dilate": "(1,1)", 
        "kernel": "(1,1)", 
        "no_bias": "False", 
        "num_filter": "64", 
        "num_group": "1", 
        "pad": "(0,0)", 
        "stride": "(1,1)", 
        "workspace": "1024"
      }, 
      "name": "fire9_squeeze1x1", 
      "inputs": [[98, 0], [99, 0], [100, 0]], 
      "backward_source_id": -1
    }, 
    {
      "op": "Activation", 
      "param": {"act_type": "relu"}, 
      "name": "fire9_relu_squeeze1x1", 
      "inputs": [[101, 0]], 
      "backward_source_id": -1
    }, 
    {
      "op": "null", 
      "param": {}, 
      "name": "fire9_expand1x1_weight", 
      "inputs": [], 
      "backward_source_id": -1
    }, 
    {
      "op": "null", 
      "param": {}, 
      "name": "fire9_expand1x1_bias", 
      "inputs": [], 
      "backward_source_id": -1
    }, 
    {
      "op": "Convolution", 
      "param": {
        "cudnn_off": "False", 
        "cudnn_tune": "off", 
        "dilate": "(1,1)", 
        "kernel": "(1,1)", 
        "no_bias": "False", 
        "num_filter": "256", 
        "num_group": "1", 
        "pad": "(0,0)", 
        "stride": "(1,1)", 
        "workspace": "1024"
      }, 
      "name": "fire9_expand1x1", 
      "inputs": [[102, 0], [103, 0], [104, 0]], 
      "backward_source_id": -1
    }, 
    {
      "op": "Activation", 
      "param": {"act_type": "relu"}, 
      "name": "fire9_relu_expand1x1", 
      "inputs": [[105, 0]], 
      "backward_source_id": -1
    }, 
    {
      "op": "null", 
      "param": {}, 
      "name": "fire9_expand3x3_weight", 
      "inputs": [], 
      "backward_source_id": -1
    }, 
    {
      "op": "null", 
      "param": {}, 
      "name": "fire9_expand3x3_bias", 
      "inputs": [], 
      "backward_source_id": -1
    }, 
    {
      "op": "Convolution", 
      "param": {
        "cudnn_off": "False", 
        "cudnn_tune": "off", 
        "dilate": "(1,1)", 
        "kernel": "(3,3)", 
        "no_bias": "False", 
        "num_filter": "256", 
        "num_group": "1", 
        "pad": "(1,1)", 
        "stride": "(1,1)", 
        "workspace": "1024"
      }, 
      "name": "fire9_expand3x3", 
      "inputs": [[102, 0], [107, 0], [108, 0]], 
      "backward_source_id": -1
    }, 
    {
      "op": "Activation", 
      "param": {"act_type": "relu"}, 
      "name": "fire9_relu_expand3x3", 
      "inputs": [[109, 0]], 
      "backward_source_id": -1
    }, 
    {
      "op": "Concat", 
      "param": {
        "dim": "1", 
        "num_args": "2"
      }, 
      "name": "fire9_concat", 
      "inputs": [[106, 0], [110, 0]], 
      "backward_source_id": -1
    }, 
    {
      "op": "Dropout", 
      "param": {"p": "0.5"}, 
      "name": "drop9", 
      "inputs": [[111, 0]], 
      "backward_source_id": -1
    }, 
    {
      "op": "null", 
      "param": {}, 
      "name": "conv10_weight", 
      "inputs": [], 
      "backward_source_id": -1
    }, 
    {
      "op": "null", 
      "param": {}, 
      "name": "conv10_bias", 
      "inputs": [], 
      "backward_source_id": -1
    }, 
    {
      "op": "Convolution", 
      "param": {
        "cudnn_off": "False", 
        "cudnn_tune": "off", 
        "dilate": "(1,1)", 
        "kernel": "(1,1)", 
        "no_bias": "False", 
        "num_filter": "1000", 
        "num_group": "1", 
        "pad": "(0,0)", 
        "stride": "(1,1)", 
        "workspace": "1024"
      }, 
      "name": "conv10", 
      "inputs": [[112, 0], [113, 0], [114, 0]], 
      "backward_source_id": -1
    }, 
    {
      "op": "Activation", 
      "param": {"act_type": "relu"}, 
      "name": "relu_conv10", 
      "inputs": [[115, 0]], 
      "backward_source_id": -1
    }, 
    {
      "op": "Pooling", 
      "param": {
        "global_pool": "True", 
        "kernel": "(1,1)", 
        "pad": "(0,0)", 
        "pool_type": "avg", 
        "pooling_convention": "full", 
        "stride": "(1,1)"
      }, 
      "name": "pool10", 
      "inputs": [[116, 0]], 
      "backward_source_id": -1
    }, 
    {
      "op": "Flatten", 
      "param": {}, 
      "name": "flatten", 
      "inputs": [[117, 0]], 
      "backward_source_id": -1
    }, 
    {
      "op": "null", 
      "param": {}, 
      "name": "prob_label", 
      "inputs": [], 
      "backward_source_id": -1
    }, 
    {
      "op": "SoftmaxOutput", 
      "param": {
        "grad_scale": "1", 
        "ignore_label": "-1", 
        "multi_output": "False", 
        "normalization": "null", 
        "preserve_shape": "False", 
        "use_ignore": "False"
      }, 
      "name": "prob", 
      "inputs": [[118, 0], [119, 0]], 
      "backward_source_id": -1
    }
  ], 
  "arg_nodes": [
    0, 
    1, 
    2, 
    6, 
    7, 
    10, 
    11, 
    14, 
    15, 
    19, 
    20, 
    23, 
    24, 
    27, 
    28, 
    33, 
    34, 
    37, 
    38, 
    41, 
    42, 
    46, 
    47, 
    50, 
    51, 
    54, 
    55, 
    60, 
    61, 
    64, 
    65, 
    68, 
    69, 
    73, 
    74, 
    77, 
    78, 
    81, 
    82, 
    86, 
    87, 
    90, 
    91, 
    94, 
    95, 
    99, 
    100, 
    103, 
    104, 
    107, 
    108, 
    113, 
    114, 
    119
  ], 
  "heads": [[120, 0]]
}